name,frequency
Arthur,315.0
Noah,309.0
Lucas,303.0
Liam,294.0
Leon,279.0
Jules,277.0
Finn,265.0
Louis,242.0
Victor,239.0
Lewis,227.0
Adam,214.0
Lars,212.0
Vic,212.0
Vince,208.0
Matteo,202.0
Mathis,190.0
Mohamed,179.0
Emiel,170.0
Jack,168.0
Elias,163.0
Alexander,157.0
Gust,157.0
Oscar,153.0
Stan,151.0
Maurice,148.0
Lou,146.0
Lowie,145.0
Marcel,142.0
Milan,142.0
Mats,139.0
Felix,137.0
Wout,137.0
Kobe,135.0
Nathan,132.0
Tuur,131.0
Warre,131.0
Viktor,125.0
Seppe,123.0
Lukas,119.0
Rayan,117.0
Léon,111.0
Cas,110.0
Eden,109.0
Ferre,109.0
David,107.0
Daan,106.0
Amir,104.0
Otis,102.0
Thomas,101.0
Miel,100.0
Luca,99.0
Bas,96.0
Mauro,92.0
Oliver,92.0
Emile,91.0
Georges,91.0
Jayden,87.0
Sem,85.0
Cyriel,83.0
Lenn,83.0
Maxim,83.0
Mil,83.0
Henri,81.0
Siebe,81.0
Jef,80.0
Mohammed,79.0
Lex,78.0
Sam,78.0
Juul,76.0
Senne,76.0
Loïc,75.0
Alex,74.0
Remi,73.0
Levi,72.0
Max,72.0
Kamiel,70.0
Ali,69.0
Milo,69.0
Youssef,69.0
Gabriel,68.0
Hamza,68.0
Nand,66.0
Simon,66.0
Vik,66.0
Imran,65.0
Gaston,64.0
Leander,64.0
Aaron,63.0
Andreas,63.0
Lio,63.0
Nolan,63.0
Ilyas,62.0
Jasper,62.0
Oskar,62.0
Omar,61.0
Maxime,60.0
Ayden,59.0
Dries,59.0
Ibrahim,59.0
Kasper,59.0
Owen,58.0
Julian,57.0
Mathias,57.0
Samuel,57.0
Fons,56.0
Lander,56.0
Theo,56.0
Thor,56.0
Yusuf,56.0
James,55.0
Morris,55.0
Rik,55.0
Tibo,55.0
Jesse,54.0
Aiden,53.0
Daniel,53.0
Vinz,53.0
Wolf,53.0
Charlie,52.0
Jonas,52.0
Robbe,52.0
Ruben,51.0
Aster,50.0
Floris,50.0
Nicolas,50.0
Ryan,50.0
Younes,50.0
Charles,49.0
Julien,49.0
Quinn,49.0
Yanis,49.0
Leo,48.0
Matz,48.0
Raphaël,48.0
Rune,48.0
Benjamin,47.0
César,47.0
Emir,47.0
George,47.0
Rémi,47.0
Sep,47.0
Sepp,47.0
Senn,46.0
William,46.0
Anas,45.0
Ayoub,44.0
Robin,44.0
Mateo,43.0
Nassim,43.0
Haroun,42.0
Olivier,42.0
Tristan,42.0
Zayd,42.0
Boris,41.0
Lias,41.0
Axel,40.0
Briek,40.0
Isaac,40.0
Jason,40.0
Mason,40.0
Ezra,39.0
Flor,39.0
Ilias,39.0
Wannes,39.0
Casper,38.0
Leandro,38.0
Ahmed,37.0
Arnaud,37.0
Bilal,37.0
Eymen,37.0
Lennert,37.0
August,36.0
Mathieu,36.0
Sander,36.0
Thibo,36.0
Zayn,36.0
Ömer,36.0
Emil,35.0
Gilles,35.0
Ismail,35.0
Quinten,35.0
Ties,35.0
Gus,34.0
Idris,34.0
Otto,34.0
Toon,34.0
Yassin,34.0
Ayman,33.0
Elliot,33.0
Matthias,33.0
Muhammad,33.0
Muhammed,33.0
Sky,33.0
Staf,33.0
Tobias,33.0
Ward,33.0
Zakaria,33.0
Alessio,32.0
Elijah,32.0
Ethan,32.0
Korneel,32.0
Matheo,32.0
Moussa,32.0
Arne,31.0
Bram,31.0
Eli,31.0
Florian,31.0
Gabriël,31.0
Hugo,31.0
Jax,31.0
Len,31.0
Thibault,31.0
Achiel,30.0
Aras,30.0
Dean,30.0
Lyam,30.0
Sebastian,30.0
Thiago,30.0
Bent,29.0
Cis,29.0
Joppe,29.0
Logan,29.0
Magnus,29.0
Matthew,29.0
Thibaut,29.0
Baptiste,28.0
Luka,28.0
Maher,28.0
Mathéo,28.0
Seth,28.0
Abel,27.0
Brent,27.0
Jake,27.0
Jaxx,27.0
Jérôme,27.0
Mayson,27.0
Odin,27.0
Thibeau,27.0
Clément,26.0
Dylano,26.0
Filip,26.0
Jerom,26.0
Jeroom,26.0
Joshua,26.0
Kyan,26.0
Mattis,26.0
Niels,26.0
Odiel,26.0
Ralph,26.0
Willem,26.0
Amin,25.0
Arno,25.0
Basile,25.0
Enes,25.0
Jan,25.0
Mustafa,25.0
Niel,25.0
Rafael,25.0
Roan,25.0
Vincent,25.0
Alec,24.0
Guillaume,24.0
Laurens,24.0
Mon,24.0
Raphael,24.0
Basiel,23.0
Dré,23.0
Dylan,23.0
Enzo,23.0
Kevin,23.0
Lionel,23.0
Roel,23.0
Thijs,23.0
Théo,23.0
Tiebe,23.0
Tijl,23.0
Abdullah,22.0
Eduard,22.0
Fil,22.0
Isaak,22.0
Kylian,22.0
Lyo,22.0
Phil,22.0
Tibe,22.0
Achille,21.0
Berre,21.0
Cisse,21.0
Cédric,21.0
Issa,21.0
Jerome,21.0
Kaan,21.0
Lasse,21.0
Lucien,21.0
Mahir,21.0
Marcus,21.0
Mehdi,21.0
Xander,21.0
Yahya,21.0
Yigit,21.0
Alexandre,20.0
Ayaz,20.0
Bryan,20.0
Edward,20.0
Guus,20.0
Hassan,20.0
Jul,20.0
Linus,20.0
Luíz,20.0
Malik,20.0
Mattia,20.0
Michael,20.0
Nyo,20.0
Raf,20.0
Sverre,20.0
Twan,20.0
Yassir,20.0
Adrian,19.0
Alexis,19.0
Badr,19.0
Ben,19.0
Bruce,19.0
Cesar,19.0
Emmanuel,19.0
Hector,19.0
Ishaq,19.0
Jacob,19.0
Kai,19.0
Mathijs,19.0
Matisse,19.0
Mylo,19.0
Nouh,19.0
Sami,19.0
Artuur,18.0
Bob,18.0
Guust,18.0
Hannes,18.0
Jace,18.0
Jean,18.0
Jonathan,18.0
Pepijn,18.0
Richard,18.0
Robert,18.0
Ruíz,18.0
Scott,18.0
Selim,18.0
Wassim,18.0
Yasser,18.0
Ahmad,17.0
Axl,17.0
Denis,17.0
Jelle,17.0
Josse,17.0
Kacper,17.0
Kyano,17.0
Mohammad,17.0
Nils,17.0
Storm,17.0
Tijn,17.0
Timo,17.0
Yasin,17.0
Akram,16.0
Amine,16.0
Anouar,16.0
Antoni,16.0
Aron,16.0
Basil,16.0
Cyril,16.0
Ensar,16.0
Isa,16.0
Jakob,16.0
Jamie,16.0
Jeff,16.0
Kerem,16.0
Lorenzo,16.0
Mert,16.0
Miraç,16.0
René,16.0
Silas,16.0
Stig,16.0
Taha,16.0
Yassine,16.0
Ziyad,16.0
Christian,15.0
Flynn,15.0
Ian,15.0
Idriss,15.0
Jannes,15.0
Joachim,15.0
Joseph,15.0
Lenny,15.0
Lior,15.0
Louie,15.0
Miro,15.0
Naud,15.0
Nio,15.0
Pablo,15.0
Safwan,15.0
Stefan,15.0
Titus,15.0
Tyler,15.0
Walt,15.0
Yannis,15.0
Yaro,15.0
Achilles,14.0
Alan,14.0
Anis,14.0
Boaz,14.0
Cedric,14.0
Diego,14.0
Emilio,14.0
Félix,14.0
Ilyan,14.0
Ilyano,14.0
Jad,14.0
Jonah,14.0
Karel,14.0
Klaas,14.0
Louay,14.0
Matei,14.0
Mehmet,14.0
Musa,14.0
Nicholas,14.0
Noé,14.0
Rube,14.0
Sieg,14.0
Tenzin,14.0
Vinn,14.0
Aleksander,13.0
Ediz,13.0
Jarne,13.0
Jens,13.0
Julius,13.0
Liano,13.0
Mads,13.0
Mikail,13.0
Mylan,13.0
Médard,13.0
Nelles,13.0
Neo,13.0
Nino,13.0
Remus,13.0
Seb,13.0
Siem,13.0
Thieu,13.0
Tiago,13.0
Tijs,13.0
Witse,13.0
Alexandru,12.0
Alparslan,12.0
Amos,12.0
Arda,12.0
Aymen,12.0
Daoud,12.0
Deniz,12.0
Elia,12.0
Eliano,12.0
Elliott,12.0
Ewout,12.0
Fabian,12.0
Gaspard,12.0
Gustave,12.0
Hasan,12.0
Joren,12.0
Kayden,12.0
Keano,12.0
Kenan,12.0
Luiz,12.0
Mattheo,12.0
Menno,12.0
Mill,12.0
Miran,12.0
Natan,12.0
Noa,12.0
Pierre,12.0
Ray,12.0
Rens,12.0
Rinus,12.0
Talha,12.0
Wies,12.0
Xavi,12.0
Angelo,11.0
Bruno,11.0
Connor,11.0
Cézar,11.0
Dante,11.0
Danté,11.0
Darius,11.0
Edgar,11.0
Edouard,11.0
Elian,11.0
Gauthier,11.0
Henry,11.0
Ishak,11.0
Ismael,11.0
Iyad,11.0
Jakub,11.0
Jay,11.0
Karim,11.0
Khalid,11.0
Leonardo,11.0
Lyano,11.0
Martin,11.0
Marwan,11.0
Mathiz,11.0
Mattéo,11.0
Melvin,11.0
Merlijn,11.0
Naïm,11.0
Nelson,11.0
Noud,11.0
Omer,11.0
Rafaël,11.0
Ragnar,11.0
Safouan,11.0
Stef,11.0
Teo,11.0
Thorgan,11.0
Tobe,11.0
Valentin,11.0
Wietse,11.0
Wiktor,11.0
Yunus,11.0
Zaid,11.0
Zakariya,11.0
Adnan,10.0
Ahmet,10.0
Amar,10.0
Anthony,10.0
Antoine,10.0
Berat,10.0
Colin,10.0
Fynn,10.0
Ilano,10.0
Jaro,10.0
Jayce,10.0
Jayson,10.0
Jona,10.0
Junayd,10.0
Karam,10.0
Kas,10.0
Kian,10.0
Leonard,10.0
Lino,10.0
Luan,10.0
Luuk,10.0
Maarten,10.0
Maximilian,10.0
Michiel,10.0
Mirac,10.0
Pieter,10.0
Pol,10.0
Rocco,10.0
Romain,10.0
Safouane,10.0
Santiago,10.0
Valentino,10.0
Yaman,10.0
Yousef,10.0
Zain,10.0
Zeyd,10.0
Alessandro,9.0
Anton,9.0
Armin,9.0
Auguste,9.0
Aymane,9.0
Azad,9.0
Bill,9.0
Castor,9.0
Corneel,9.0
Cériel,9.0
Damian,9.0
Damon,9.0
Daniël,9.0
Dennis,9.0
Dion,9.0
Eliah,9.0
Eliot,9.0
Emiliano,9.0
Emin,9.0
Eray,9.0
Erik,9.0
Ernest,9.0
Hendrik,9.0
Hussein,9.0
Ides,9.0
Ilian,9.0
Jerôme,9.0
León,9.0
Lode,9.0
Matin,9.0
Matthis,9.0
Milas,9.0
Mille,9.0
Nadir,9.0
Naut,9.0
Neal,9.0
Neel,9.0
Obe,9.0
Oliwier,9.0
Ramon,9.0
Reda,9.0
Rodrigo,9.0
Rémy,9.0
Scout,9.0
Sebastiaan,9.0
Swa,9.0
Will,9.0
Yasir,9.0
Zion,9.0
Aimé,8.0
Arnout,8.0
Austin,8.0
Baptist,8.0
Bowie,8.0
Brecht,8.0
Brian,8.0
Burak,8.0
Charly,8.0
Devon,8.0
Dominic,8.0
Ellis,8.0
Emanuel,8.0
Eppo,8.0
Faris,8.0
Fenn,8.0
Fer,8.0
Frederik,8.0
Haron,8.0
Harun,8.0
Helder,8.0
Ilan,8.0
Ishaaq,8.0
Joe,8.0
Johannes,8.0
John,8.0
Jolan,8.0
Jordan,8.0
Joud,8.0
Julot,8.0
Justin,8.0
Jérome,8.0
Kyle,8.0
Lee,8.0
Lion,8.0
Lloyd,8.0
Loewie,8.0
Loewis,8.0
Luke,8.0
Lyaz,8.0
Mamadou,8.0
Mano,8.0
Manu,8.0
Mark,8.0
Matti,8.0
Maurits,8.0
Maximiliaan,8.0
Mohamad,8.0
Niyo,8.0
Nizar,8.0
Noan,8.0
Olaf,8.0
Onno,8.0
Raven,8.0
Rayane,8.0
Rayen,8.0
Reinout,8.0
Riley,8.0
Rover,8.0
Rowan,8.0
Rowen,8.0
Roy,8.0
Samy,8.0
Sen,8.0
Soulayman,8.0
Thibau,8.0
Toby,8.0
Tom,8.0
Tomas,8.0
Tymon,8.0
Umut,8.0
Vick,8.0
Viggo,8.0
Vigo,8.0
Yavuz,8.0
Adem,7.0
Alejandro,7.0
Aloïs,7.0
Amadou,7.0
Andrea,7.0
Andres,7.0
Andrew,7.0
Anwar,7.0
Aram,7.0
Ares,7.0
Arman,7.0
Aryan,7.0
Asaf,7.0
Astor,7.0
Ayan,7.0
Ayub,7.0
Cezar,7.0
Chaim,7.0
Dalil,7.0
Dario,7.0
Djayden,7.0
Dominik,7.0
Dorian,7.0
Driss,7.0
Efe,7.0
Egemen,7.0
Egon,7.0
Eliott,7.0
Elyas,7.0
Enis,7.0
Ertugrul,7.0
Esben,7.0
Evan,7.0
Francis,7.0
Franciszek,7.0
Furkan,7.0
Gijs,7.0
Giuliano,7.0
Gustaaf,7.0
Hüseyin,7.0
Iben,7.0
Ilya,7.0
Ivan,7.0
Jeppe,7.0
Jitse,7.0
Kenzo,7.0
Killian,7.0
Kjell,7.0
Layth,7.0
Leroy,7.0
Lexx,7.0
Lincoln,7.0
Louka,7.0
Léo,7.0
Mario,7.0
Marius,7.0
Marouane,7.0
Matias,7.0
Matthieu,7.0
Maxence,7.0
Maël,7.0
Merijn,7.0
Miguel,7.0
Mike,7.0
Miles,7.0
Nate,7.0
Naël,7.0
Naïl,7.0
Nikolas,7.0
Odil,7.0
Osman,7.0
Rami,7.0
Raymond,7.0
Rhune,7.0
Ries,7.0
Riyad,7.0
Rohan,7.0
Roman,7.0
Sacha,7.0
Salim,7.0
Senna,7.0
Sil,7.0
Sus,7.0
Thorben,7.0
Till,7.0
Tjeu,7.0
Vito,7.0
Walid,7.0
Wouter,7.0
Xem,7.0
Ylano,7.0
Zjef,7.0
Adriano,6.0
Adrien,6.0
Ajan,6.0
Albert,6.0
Alper,6.0
Alperen,6.0
Andy,6.0
Anir,6.0
Arjen,6.0
Artur,6.0
Arwin,6.0
Audric,6.0
Augustin,6.0
Billie,6.0
Billy,6.0
Cayden,6.0
Ceriel,6.0
Collin,6.0
Dex,6.0
Eben,6.0
Edgard,6.0
Ege,6.0
Elie,6.0
Emre,6.0
Eric,6.0
Eyden,6.0
Frank,6.0
Fré,6.0
Halil,6.0
Harry,6.0
Hayden,6.0
Ianis,6.0
Ibe,6.0
Isaiah,6.0
Issam,6.0
Joey,6.0
Junior,6.0
Kamil,6.0
Kayne,6.0
Kerim,6.0
Levy,6.0
Livio,6.0
Liyam,6.0
Liyo,6.0
Loris,6.0
Louic,6.0
Luís,6.0
Lyandro,6.0
Maceo,6.0
Manuel,6.0
Marlon,6.0
Massimo,6.0
Mathys,6.0
Matthéo,6.0
Mattiz,6.0
Mauritz,6.0
Maysen,6.0
Michel,6.0
Mick,6.0
Midas,6.0
Mikael,6.0
Mirza,6.0
Moesa,6.0
Mories,6.0
Moris,6.0
Nael,6.0
Nick,6.0
Nilo,6.0
Noam,6.0
Paul,6.0
Pifte,6.0
Pim,6.0
Prince,6.0
Ralf,6.0
Remy,6.0
Romeo,6.0
Said,6.0
Salah,6.0
Salman,6.0
Sig,6.0
Siraj,6.0
Skyler,6.0
Sten,6.0
Taim,6.0
Tao,6.0
Thibe,6.0
Tias,6.0
Tim,6.0
Timur,6.0
Timéo,6.0
Vincenzo,6.0
Wasim,6.0
Émile,6.0
Abdoul,5.0
Abdoulaye,5.0
Achraf,5.0
Adriaan,5.0
Akif,5.0
Akil,5.0
Alfred,5.0
Alpha,5.0
Amaury,5.0
Ammar,5.0
Andrei,5.0
Andries,5.0
André,5.0
Andrés,5.0
Antonio,5.0
Art,5.0
Arvid,5.0
Arvin,5.0
Asim,5.0
Aslan,5.0
Avi,5.0
Aydin,5.0
Aziz,5.0
Baran,5.0
Bastien,5.0
Beau,5.0
Beniamin,5.0
Benyamin,5.0
Berk,5.0
Bo,5.0
Bradley,5.0
Caleb,5.0
Calvin,5.0
Camiel,5.0
Camil,5.0
Celle,5.0
Cristian,5.0
Danial,5.0
Dawid,5.0
Delano,5.0
Devin,5.0
Diaz,5.0
Don,5.0
Edis,5.0
Emirhan,5.0
Esteban,5.0
Eyad,5.0
Fen,5.0
Fre,5.0
Gerard,5.0
Giel,5.0
Giulio,5.0
Hadi,5.0
Halid,5.0
Harvey,5.0
Haytam,5.0
Hektor,5.0
Houdayfa,5.0
Hussain,5.0
Ihsan,5.0
Ilay,5.0
Ilhan,5.0
Iliano,5.0
Ilyes,5.0
Imraan,5.0
Imrane,5.0
Jacques,5.0
Jaimy,5.0
Jawad,5.0
Jaylano,5.0
Jibril,5.0
Johan,5.0
Jorre,5.0
Jurre,5.0
Kayra,5.0
Kaïs,5.0
Laurent,5.0
Lenno,5.0
Leonel,5.0
Liaz,5.0
Loeka,5.0
Loran,5.0
Louwis,5.0
Lowik,5.0
Luqman,5.0
Lux,5.0
Manoah,5.0
Marc,5.0
Marley,5.0
Marnix,5.0
Marouan,5.0
Milad,5.0
Milano,5.0
Moishe,5.0
Mounir,5.0
Musab,5.0
Nahil,5.0
Naoufal,5.0
Navaro,5.0
Nelis,5.0
Noar,5.0
Noyan,5.0
Obi,5.0
Philip,5.0
Phill,5.0
Quin,5.0
Rein,5.0
Ricardo,5.0
River,5.0
Sabir,5.0
Salih,5.0
Sayfullah,5.0
Sean,5.0
Shulem,5.0
Sid,5.0
Skye,5.0
Sofiane,5.0
Soufian,5.0
Soufiane,5.0
Stanislaw,5.0
Szymon,5.0
Sébastien,5.0
Taysir,5.0
Theodore,5.0
Thiebe,5.0
Tiesj,5.0
Timotei,5.0
Tisse,5.0
Toots,5.0
Torre,5.0
Tygo,5.0
Tyson,5.0
Vinny,5.0
Wyatt,5.0
Xenne,5.0
Yago,5.0
Yazan,5.0
Yiit,5.0
Zalmen,5.0
Ziggy,5.0
Zinedine,5.0
,
,
,
,
,
,
,
,
,
,
,
,
,
,
,
,
,
,
,
,
,
,
,
,
,
,
,
,
,
,
,
,
,
,
,
,
,
,
,
,
,
,
,
,
,
,
,
,
,
,
,
,
,
,
,
,
,
,
,
,
,
,
,
,
,
,
,
,
,
,
,
,
,
,
,
,
,
,
,
,
,
,
,
,
,
,
,
,
,
,
,
,
,
,
,
,
,
,
,
,
,
,
,
,
,
,
,
,
,
,
,
,
,
,
,
,
,
,
,
,
,
,
,
,
,
,
,
,
,
,
,
,
,
,
,
,
,
,
,
,
,
,
,
,
,
,
,
,
,
,
,
,
,
,
,
,
,
,
,
,
,
,
,
,
,
,
,
,
,
,
,
,
,
,
,
,
,
,
,
,
,
,
,
,
,
,
,
,
,
,
,
,
,
,
,
,
,
,
,
,
,
,
,
,
,
,
,
,
,
,
,
,
,
,
,
,
,
,
,
,
,
,
,
,
,
,
,
,
,
,
,
,
,
,
,
,
,
,
,
,
,
,
,
,
,
,
,
,
,
,
,
,
,
,
,
,
,
,
,
,
,
,
,
,
,
,
,
,
,
,
,
,
,
,
,
,
,
,
,
,
,
,
,
,
,
,
,
,
,
,
,
,
,
,
,
,
,
,
,
,
,
,
,
,
,
,
,
,
,
,
,
,
,
,
,
,
,
,
,
,
,
,
,
,
,
,
,
,
,
,
,
,
,
,
,
,
,
,
,
,
,
,
,
,
,
,
,
,
,
,
,
,
,
,
,
,
,
,
,
,
,
,
,
,
,
,
,
,
,
,
,
,
,
,
,
,
,
,
,
,
,
,
,
,
,
,
,
,
,
,
,
,
,
,
,
,
,
,
,
,
,
,
,
,
,
,
,
,
,
,
,
,
,
,
,
,
,
,
,
,
,
,
,
,
,
,
,
,
,
,
,
,
,
,
,
,
,
,
,
,
,
,
,
,
,
,
,
,
,
,
,
,
,
,
,
,
,
,
,
,
,
,
,
,
,
,
,
,
,
,
,
,
,
,
,
,
,
,
,
,
,
,
,
,
,
,
,
,
,
,
,
,
,
,
,
,
,
,
,
,
,
,
,
,
,
,
,
,
,
,
,
,
,
,
,
,
,
,
,
,
,
,
,
,
,
,
,
,
,
,
,
,
,
,
,
,
,
,
,
,
,
,
,
,
,
,
,
,
,
,
,
,
,
,
,
,
,
,
,
,
,
,
,
,
,
,
,
,
,
,
,
,
,
,
,
,
,
,
,
,
,
,
,
,
,
,
,
,
,
,
,
,
,
,
,
,
,
,
,
,
,
,
,
,
Mila,332.0
Olivia,325.0
Marie,319.0
Emma,305.0
Ella,301.0
Louise,292.0
Amélie,279.0
Noor,227.0
Elena,222.0
Juliette,216.0
Anna,210.0
Nora,205.0
Elise,194.0
Liv,194.0
Lena,187.0
Alice,171.0
Julie,167.0
Renée,164.0
Lina,157.0
Lotte,147.0
Camille,145.0
Charlotte,141.0
Nina,141.0
Lily,138.0
Ellie,136.0
Mona,132.0
Sofia,130.0
Amelie,125.0
Manon,124.0
Sara,124.0
Amber,120.0
Fien,117.0
Mia,116.0
Billie,107.0
Helena,104.0
Oona,104.0
Lucie,103.0
Luna,103.0
Janne,101.0
Lou,101.0
Axelle,99.0
Esmée,99.0
Ellis,98.0
Nore,96.0
Fleur,94.0
Emilia,92.0
Rosalie,92.0
Laura,91.0
Amira,89.0
Chloé,89.0
Julia,87.0
Lara,86.0
Kato,83.0
Lore,82.0
Zoë,82.0
Eva,81.0
Sophia,81.0
Stella,80.0
Inaya,79.0
Roos,79.0
Noa,77.0
Lize,76.0
Hannah,74.0
Lisa,74.0
Fran,73.0
Féline,73.0
Victoria,73.0
Hanne,72.0
Sam,72.0
Estelle,71.0
Maria,71.0
Jade,68.0
Leonie,68.0
Tess,68.0
Céleste,67.0
Anaïs,66.0
Odette,65.0
Lea,64.0
Emily,63.0
Hailey,63.0
Romy,63.0
Sarah,63.0
Amelia,62.0
Lio,62.0
Amina,61.0
Flo,61.0
Aline,60.0
Marie-Lou,60.0
Rosie,59.0
Alix,58.0
Marilou,57.0
Yara,57.0
June,56.0
Lia,56.0
Linde,56.0
Flore,55.0
Febe,54.0
Hanna,54.0
Elif,53.0
Lauren,53.0
Alicia,52.0
Aya,52.0
Eline,52.0
Elisa,52.0
Laure,52.0
Maryam,52.0
Clara,51.0
Pippa,51.0
Sienna,51.0
Norah,50.0
Aurélie,49.0
Elize,49.0
Isa,49.0
Mira,49.0
Nel,49.0
Bo,48.0
Elodie,48.0
Merel,48.0
Pauline,48.0
Jana,47.0
Nell,47.0
Nour,47.0
Loes,46.0
Margot,46.0
Maxine,46.0
Alixe,45.0
Ines,45.0
Marwa,45.0
Cilou,44.0
Jeanne,44.0
Marthe,44.0
Yasmine,44.0
Ada,43.0
Alexia,43.0
Fatima,43.0
Lana,43.0
Lucy,43.0
Robin,43.0
Florence,42.0
Lilou,42.0
Naomi,42.0
Alizée,41.0
Babette,41.0
Eloïse,41.0
Feline,41.0
Lili,41.0
Maya,41.0
Fenna,40.0
Floor,40.0
Frances,40.0
Léonie,40.0
Martha,40.0
Nova,40.0
Ida,39.0
Isra,39.0
Maud,39.0
Margaux,38.0
Nelle,38.0
Noé,38.0
Manou,37.0
Zeynep,37.0
Amy,36.0
Emilie,36.0
Esmee,36.0
Lilly,36.0
Liz,36.0
Sterre,36.0
Valentina,36.0
Dina,35.0
Elle,35.0
Lola,35.0
Lynn,35.0
Paulien,35.0
Mare,34.0
Alina,33.0
Colette,33.0
Amalia,32.0
Ariana,32.0
Cézanne,32.0
Eliana,32.0
Faye,32.0
Hafsa,32.0
Livia,32.0
Ona,32.0
Roxanne,31.0
Aurora,30.0
Sophie,30.0
Charlie,29.0
Chloë,29.0
Elina,29.0
Hazel,29.0
Isolde,29.0
Liene,29.0
Lise,29.0
Léa,29.0
Malak,29.0
Maysa,29.0
Millie,29.0
Mina,29.0
Sena,29.0
Céline,28.0
Enora,28.0
Giulia,28.0
Hajar,28.0
Lieze,28.0
Mariam,28.0
Minne,28.0
Mirthe,28.0
Sien,28.0
Sofie,28.0
Alyssa,27.0
Anissa,27.0
Annabelle,27.0
Azra,27.0
Estée,27.0
Iris,27.0
Liana,27.0
Rosanne,27.0
Alessia,26.0
Eloise,26.0
Eléonore,26.0
Fay,26.0
Femke,26.0
Juna,26.0
Liya,26.0
Nisa,26.0
Alexis,25.0
Annabel,25.0
Esther,25.0
Hidaya,25.0
Jolien,25.0
Klara,25.0
Niene,25.0
Rose,25.0
Safiya,25.0
Abigail,24.0
Alya,24.0
Arya,24.0
Ayla,24.0
Elisabeth,24.0
Finne,24.0
Kaat,24.0
Lien,24.0
Meryem,24.0
Michelle,24.0
Noémie,24.0
Odile,24.0
Rania,24.0
Josephine,23.0
Lexi,23.0
Suzanne,23.0
Amani,22.0
Eliza,22.0
Fenne,22.0
Israe,22.0
Juline,22.0
Khadija,22.0
Leyla,22.0
Aliya,21.0
Anouk,21.0
Esma,21.0
Imke,21.0
Lenthe,21.0
Lisette,21.0
Louisa,21.0
Rachel,21.0
Suze,21.0
Tasnim,21.0
Aisha,20.0
Gisèle,20.0
Jasmine,20.0
Jill,20.0
Josefien,20.0
Quinn,20.0
Romi,20.0
Sia,20.0
Stien,20.0
Yasmin,20.0
Yousra,20.0
Anastasia,19.0
Farah,19.0
Felien,19.0
Ilana,19.0
Leah,19.0
Lorena,19.0
Marie-Julie,19.0
Marit,19.0
Medina,19.0
Naya,19.0
Noralie,19.0
Soraya,19.0
Yasmina,19.0
Yuna,19.0
Cécile,18.0
Demi,18.0
Diana,18.0
Elizabeth,18.0
Félice,18.0
Jenna,18.0
Lexie,18.0
Lilia,18.0
Liyana,18.0
Lucia,18.0
Mara,18.0
Milla,18.0
Myla,18.0
Saar,18.0
Safae,18.0
Salma,18.0
Tessa,18.0
Aliyah,17.0
Anisa,17.0
Asya,17.0
Ela,17.0
Elin,17.0
Emelie,17.0
Imane,17.0
Isabella,17.0
Lieke,17.0
Melina,17.0
Milou,17.0
Miriam,17.0
Pia,17.0
Selma,17.0
Zahra,17.0
Zainab,17.0
Zehra,17.0
Zoé,17.0
Adriana,16.0
Aria,16.0
Assia,16.0
Ava,16.0
Gloria,16.0
Hannelore,16.0
Jinthe,16.0
Jozefien,16.0
Jule,16.0
Lyana,16.0
Madeleine,16.0
Maité,16.0
Maëlle,16.0
Nona,16.0
Zaynab,16.0
Aicha,15.0
Amélia,15.0
Ana,15.0
Benthe,15.0
Celeste,15.0
Fie,15.0
Frauke,15.0
Jasmijn,15.0
Liliana,15.0
Luka,15.0
Maja,15.0
Mille,15.0
Nada,15.0
Natalia,15.0
Neyla,15.0
Oone,15.0
Rosa,15.0
Safa,15.0
Selina,15.0
Suzan,15.0
Zuzanna,15.0
Alexandra,14.0
Aylin,14.0
Cataleya,14.0
Claire,14.0
Elissa,14.0
Esra,14.0
Fiona,14.0
Fé,14.0
Hiba,14.0
Ivy,14.0
Jaylinn,14.0
Jennah,14.0
Juno,14.0
Layla,14.0
Leila,14.0
Luana,14.0
Lune,14.0
Maxime,14.0
Melissa,14.0
Miley,14.0
Miray,14.0
Rachelle,14.0
Rana,14.0
Rune,14.0
Selena,14.0
Zita,14.0
Ashley,13.0
Celine,13.0
Charline,13.0
Dania,13.0
Emme,13.0
Fatoumata,13.0
Fiene,13.0
Gaëlle,13.0
Hayley,13.0
Inara,13.0
Jackie,13.0
Jutta,13.0
Layan,13.0
Lene,13.0
Leona,13.0
Lila,13.0
Lisse,13.0
Liva,13.0
Lizzy,13.0
Luz,13.0
Marta,13.0
Mirte,13.0
Nette,13.0
Nienke,13.0
Paula,13.0
Rayhana,13.0
Razan,13.0
Robyn,13.0
Safia,13.0
Skye,13.0
Sofía,13.0
Alisa,12.0
Amal,12.0
Asel,12.0
Assiya,12.0
Astrid,12.0
Bente,12.0
Cato,12.0
Eleonora,12.0
Elien,12.0
Elli,12.0
Esila,12.0
Faith,12.0
Flora,12.0
Gabriela,12.0
Giselle,12.0
Hana,12.0
Hope,12.0
Ilona,12.0
Jinte,12.0
Kenza,12.0
Leana,12.0
Line,12.0
Matilda,12.0
Morgane,12.0
Noélie,12.0
Noémi,12.0
Robine,12.0
Ruth,12.0
Sue,12.0
Tenzin,12.0
Thea,12.0
Violet,12.0
Yinthe,12.0
Zara,12.0
Aimée,11.0
Alexine,11.0
Aleyna,11.0
Angel,11.0
Aster,11.0
Aude,11.0
Cami,11.0
Cosette,11.0
Dilara,11.0
Eleanor,11.0
Elsa,11.0
Eslem,11.0
Fee,11.0
Firdaws,11.0
Freya,11.0
Gabrielle,11.0
Israa,11.0
Johanna,11.0
Jolie,11.0
Joyce,11.0
Kawtar,11.0
Leen,11.0
Lexa,11.0
Lot,11.0
Milena,11.0
Pip,11.0
Polly,11.0
Romée,11.0
Rozanne,11.0
Sana,11.0
Selin,11.0
Tilda,11.0
Vanessa,11.0
Yusra,11.0
Alana,10.0
Alicja,10.0
Amilia,10.0
Aurore,10.0
Basma,10.0
Bella,10.0
Capucine,10.0
Charlize,10.0
Célia,10.0
Daria,10.0
Davina,10.0
Dunya,10.0
Edith,10.0
Ella-Louise,10.0
Elly,10.0
Féliz,10.0
Halima,10.0
Hasse,10.0
Ilyana,10.0
Indy,10.0
Joanne,10.0
Kyara,10.0
Leia,10.0
Leni,10.0
Liesl,10.0
Lilya,10.0
Linne,10.0
Lis,10.0
Lucille,10.0
Léna,10.0
Léonore,10.0
Mae,10.0
Margo,10.0
Marieke,10.0
Melanie,10.0
Melis,10.0
Melisa,10.0
Melody,10.0
Nomi,10.0
Sanne,10.0
Valerie,10.0
Aaliyah,9.0
Adelina,9.0
Adeline,9.0
Alae,9.0
Alara,9.0
Alba,9.0
Alissa,9.0
Allison,9.0
Amaryllis,9.0
Antonia,9.0
Asma,9.0
Ayse,9.0
Aïcha,9.0
Caithlyn,9.0
Caitlin,9.0
Chiara,9.0
Clémence,9.0
Coralie,9.0
Elia,9.0
Eliz,9.0
Ellen,9.0
Emely,9.0
Filippa,9.0
Firdaous,9.0
Félien,9.0
Grace,9.0
Heleen,9.0
Hélène,9.0
Ikra,9.0
Inayah,9.0
Ine,9.0
Isabelle,9.0
Iza,9.0
Janna,9.0
Jasmin,9.0
Jessica,9.0
Kaylee,9.0
Lamis,9.0
Laurien,9.0
Lenne,9.0
Liah,9.0
Loeka,9.0
Lora,9.0
Luca,9.0
Lucía,9.0
Lyna,9.0
Mariama,9.0
Mathilde,9.0
Melek,9.0
Mien,9.0
Nayla,9.0
Nefes,9.0
Nena,9.0
Neva,9.0
Nia,9.0
Nola,9.0
Roxane,9.0
Roza,9.0
Samira,9.0
Sirine,9.0
Tille,9.0
Tuana,9.0
Valentine,9.0
Zayneb,9.0
Zeyneb,9.0
Aiko,8.0
Alia,8.0
Amara,8.0
Améline,8.0
Arwen,8.0
Audrey,8.0
Aurelia,8.0
Blessing,8.0
Camélia,8.0
Cleo,8.0
Erin,8.0
Erva,8.0
Evelien,8.0
Eveline,8.0
Gabriella,8.0
Hanae,8.0
Hind,8.0
Hira,8.0
Iluna,8.0
Iman,8.0
Inès,8.0
Jane,8.0
Jannat,8.0
Jelena,8.0
Jolene,8.0
Joséphine,8.0
Joy,8.0
Joëlle,8.0
Jules,8.0
Juliet,8.0
Justine,8.0
Kate,8.0
Lente,8.0
Lexy,8.0
Lies,8.0
Lily-Rose,8.0
Linn,8.0
Lobke,8.0
Lois,8.0
Louiza,8.0
Luce,8.0
Mayssa,8.0
Maëlys,8.0
Meyra,8.0
Nele,8.0
Nila,8.0
Nisrine,8.0
Ode,8.0
Oumayra,8.0
Pola,8.0
Rabia,8.0
Ravza,8.0
Renee,8.0
Silke,8.0
Silya,8.0
Simay,8.0
Stiene,8.0
Thalia,8.0
Thelma,8.0
Violette,8.0
Yana,8.0
Ziva,8.0
Alexa,7.0
Alison,7.0
Anais,7.0
Angelina,7.0
Anne,7.0
Asli,7.0
Auke,7.0
Aysima,7.0
Babs,7.0
Beau,7.0
Binta,7.0
Catalina,7.0
Clarisse,7.0
Cléo,7.0
Defne,7.0
Destiny,7.0
Diete,7.0
Dounia,7.0
Ebrar,7.0
Ecrin,7.0
Eden,7.0
Eleonore,7.0
Elora,7.0
Elouise,7.0
Elya,7.0
Esmé,7.0
Faigy,7.0
Fatma,7.0
Florine,7.0
Frie,7.0
Gitte,7.0
Gitty,7.0
Hatice,7.0
Helin,7.0
Iliana,7.0
Ina,7.0
Jailey,7.0
Jara,7.0
Jasmien,7.0
Jitte,7.0
Kiara,7.0
Kira,7.0
Lauranne,7.0
Laurence,7.0
Laïs,7.0
Leonor,7.0
Lin,7.0
Lisanne,7.0
Lizette,7.0
Lizzie,7.0
Lori,7.0
Lotta,7.0
Loïs,7.0
Maite,7.0
Malia,7.0
Malika,7.0
Maroua,7.0
Marte,7.0
Meghan,7.0
Melike,7.0
Meryam,7.0
Mitte,7.0
Nadia,7.0
Nelia,7.0
Nella,7.0
Otilia,7.0
Rani,7.0
Ranya,7.0
Rebeca,7.0
Rosaline,7.0
Ruby,7.0
Serena,7.0
Sham,7.0
Sidra,7.0
Suri,7.0
Talia,7.0
Tove,7.0
Yade,7.0
Zoey,7.0
Zümra,7.0
Agata,6.0
Alaa,6.0
Alex,6.0
Alysia,6.0
Alyssia,6.0
Amandine,6.0
Amaya,6.0
Aminata,6.0
Anaëlle,6.0
Andrea,6.0
Antonina,6.0
Apolline,6.0
Ariadne,6.0
Arwa,6.0
Asiya,6.0
Ayah,6.0
Bayan,6.0
Beyza,6.0
Britt,6.0
Carolina,6.0
Cathaleya,6.0
Catharina,6.0
Clarice,6.0
Damla,6.0
Dayana,6.0
Delia,6.0
Dua,6.0
Eda,6.0
Elana,6.0
Elea,6.0
Eleni,6.0
Eleysa,6.0
Ella-June,6.0
Ella-Marie,6.0
Emeline,6.0
Erika,6.0
Esin,6.0
Estee,6.0
Evelyne,6.0
Evy,6.0
Feliz,6.0
Fem,6.0
Feyza,6.0
Franne,6.0
Gioia,6.0
Hazal,6.0
Heavenly,6.0
Houda,6.0
Hümeyra,6.0
Imme,6.0
Insaf,6.0
Kadiatou,6.0
Kawthar,6.0
Kayla,6.0
Klea,6.0
Laila,6.0
Larissa,6.0
Leonore,6.0
Letty,6.0
Lian,6.0
Liese,6.0
Liza,6.0
Lona,6.0
Loreana,6.0
Luisa,6.0
Lus,6.0
Lyanna,6.0
Léana,6.0
Maia,6.0
Malou,6.0
Manal,6.0
Marlies,6.0
Maura,6.0
Mette,6.0
Meysa,6.0
Mies,6.0
Mihrimah,6.0
Milana,6.0
Monica,6.0
Myriam,6.0
Myrthe,6.0
Nanou,6.0
Nathalie,6.0
Nazli,6.0
Naëlle,6.0
Nicole,6.0
Nihal,6.0
Nihan,6.0
Noore,6.0
Noëmie,6.0
Nyla,6.0
Odet,6.0
Ophelia,6.0
Oumou,6.0
Philippa,6.0
Phoebe,6.0
Pixie,6.0
Rae,6.0
Rahaf,6.0
Rawan,6.0
Rebecca,6.0
Renske,6.0
Rhune,6.0
Romane,6.0
Sahar,6.0
Samia,6.0
Savannah,6.0
Siel,6.0
Sumaya,6.0
Suus,6.0
Tara,6.0
Tasniem,6.0
Tilly,6.0
Vienna,6.0
Wiam,6.0
Wiktoria,6.0
Yagmur,6.0
Yaren,6.0
Zaineb,6.0
Zoe,6.0
Zofia,6.0
Alea,5.0
Aleksandra,5.0
Alexe,5.0
Alexi,5.0
Alies,5.0
Alma,5.0
Almila,5.0
Almina,5.0
Alyana,5.0
Alycia,5.0
Amanda,5.0
Amine,5.0
Anna-Belle,5.0
Anne-Sophie,5.0
Asa,5.0
Aseel,5.0
Asmin,5.0
Assil,5.0
Athena,5.0
Aurelie,5.0
Axana,5.0
Ayana,5.0
Ayra,5.0
Beatrice,5.0
Belinay,5.0
Bes,5.0
Bonnie,5.0
Catho,5.0
Chams,5.0
Chelsey,5.0
Chloe,5.0
Coco,5.0
Célestine,5.0
Dalia,5.0
Daniella,5.0
Deniz,5.0
Derin,5.0
Dieuwke,5.0
Divine,5.0
Doha,5.0
Dylana,5.0
Elis,5.0
Emi,5.0
Emiliana,5.0
Emmanuella,5.0
Emmeline,5.0
Emmylou,5.0
Ena,5.0
Ester,5.0
Evelina,5.0
Felice,5.0
Felicity,5.0
Fiebe,5.0
Hailie,5.0
Ianthe,5.0
Ilena,5.0
Indi,5.0
Jacqueline,5.0
Jannah,5.0
Jaylee,5.0
Joni,5.0
Judith,5.0
Juliana,5.0
Kaoutar,5.0
Karina,5.0
Kayleigh,5.0
Kelly,5.0
Kimberly,5.0
Kornelia,5.0
Kyana,5.0
Kyra,5.0
Lani,5.0
Latifa,5.0
Laurie,5.0
Lavin,5.0
Laya,5.0
Leanne,5.0
Lenna,5.0
Leonora,5.0
Leya,5.0
Lieselot,5.0
Lilo,5.0
Linah,5.0
Liss,5.0
Lizet,5.0
Luiza,5.0
Lux,5.0
Lya,5.0
Maithé,5.0
Malka,5.0
Marcelle,5.0
Maren,5.0
Marielou,5.0
Marion,5.0
Maure,5.0
Maxence,5.0
Mayra,5.0
Minthe,5.0
Miral,5.0
Mirre,5.0
Miruna,5.0
Nane,5.0
Nelly,5.0
Ninthe,5.0
Noemi,5.0
Otice,5.0
Oumnia,5.0
Pelin,5.0
Penelope,5.0
Phéline,5.0
Pipa,5.0
Puck,5.0
Rahma,5.0
Reina,5.0
Riley,5.0
Ritaj,5.0
Rodayna,5.0
Romaysa,5.0
Ronja,5.0
Rozie,5.0
Sabrina,5.0
Sabrine,5.0
Sasha,5.0
Shana,5.0
Soumaya,5.0
Stephanie,5.0
Suzie,5.0
Théa,5.0
Tiana,5.0
Tilde,5.0
Uma,5.0
Vera,5.0
Vesper,5.0
Victoire,5.0
Vie,5.0
Viv,5.0
Willow,5.0
Yasemin,5.0
Ylana,5.0
Yliana,5.0
Youssra,5.0
Zoya,5.0
